"id","job","location","team"
"4fd3af76-2d3e-4786-9198-e9badab9f344","Coordinator, Feature Animation Production","Los Angeles, California","Animation"
"d9337133-9787-4d2c-9e5e-65c5f31b23ae","Coordinator, Content Acquisition - Korea","Seoul, South Korea","APAC Content"
"0a288edf-d37a-4b73-80fe-b0242ba70beb","Coordinator, Korean Originals","Seoul, South Korea","APAC Content"
"6d336d15-2229-4130-b83a-d0309ad25e5f","Manager, Korean Originals (Creative)","Seoul, South Korea","APAC Content"
"b7905dc6-dd18-49fe-b224-b6f958746f85","Manager, Live Action, Japanese Originals","Tokyo, Japan","APAC Content"
"8e11c0ce-d898-4aab-aca2-77b62cddfd21","Producer, Anime - Japan","Tokyo, Japan","APAC Content"
"c0d968b3-1d33-4c08-bc55-d0beed968c78","Producer, Live Action - Japan","Tokyo, Japan","APAC Content"
"e045baf8-63b3-460d-a029-6cf3a162c3eb","Senior Producer, Creative, Anime","Tokyo, Japan","APAC Content"
"187bd728-e40f-494f-9a45-3c204520cdbb","Asset Specialist - APAC","Seoul, South Korea","Asset Management & Media Services"
"ae2bf88b-55aa-47ba-b4f8-af17b3b90dea","Asset Specialist - UK","London, United Kingdom","Asset Management & Media Services"
"74d409aa-f98c-4eef-a227-31d181da702b","Technician, Screening Operations","Los Angeles, California","Asset Management & Media Services"
"e5e0a923-6698-4a99-81d9-829bdf716764","Director, Creative Marketing, Talent Relations & Awards","Los Angeles, California","Awards"
"c1b9d254-b3a2-4822-ba9c-1e4761c0f3cf","Brand and Editorial Director - Japan","Tokyo, Japan","Brand and Editorial Marketing"
"e3447a0f-df6c-4b62-aab0-8ff334e55663","Brand and Editorial, Head of Anime","Tokyo, Japan","Brand and Editorial Marketing"
"654c9175-1051-4330-a67b-78cbe02ec552","Community Manager, @NetflixBrasil","Alphaville, Brazil","Brand and Editorial Marketing"
"ec6d1ca6-81ac-48bb-a4a1-044576c4b97b","Legal Manager, Business Development Legal - APAC","Singapore, Singapore","Business Development, Marketing and Product Legal"
"040e82f1-df04-4707-a55b-d3c6add52415","Communications Administrative Assistant","Mexico City, Mexico","Communications"
"678fd228-ac4e-49e7-883b-64c27fcf12bc","Head of Communications - Japan","Tokyo, Japan","Communications"
"ff6ad760-ad6b-419b-8e62-f89c0a58c750","Manager, Communications - Film","Los Angeles, California","Communications"
"4b3529bb-4944-40b1-9e3b-381b07eb80f8","Licensing Specialist, Consumer Products","Los Angeles, California","Consumer Products"
"80a16272-564b-4eca-bd93-743fc7f84129","Manager, Product Development - Consumer Products","Los Angeles, California","Consumer Products"
"50922f26-1250-47e4-bda8-c05da47cd8bb","Publishing Coordinator (Tie-Ins), Consumer Products","Los Angeles, California","Consumer Products"
"6388bedd-d312-4727-a236-57a2547d03b8","Senior Fullstack Engineer - Media Cloud Engineering","Los Gatos, California","Content Engineering Core"
"21c89de4-0bc6-4608-85c4-82baf5b99989","Senior Research Scientist - Video Encoding","Los Gatos, California","Content Engineering Core"
"5ade9631-8bf0-4024-aaef-aa1f01eab723","Senior Software Engineer - Content Finance Engineering","Los Gatos, California","Content Engineering Core"
"8f70ecc8-5f7e-4c1a-ac67-78980c3b4402","Senior Software Engineer - Media Cloud Engineering","Los Gatos, California","Content Engineering Core"
"50751ed4-63ec-45f9-8746-7d70bac0d4ff","Associate, Content Strategy & Analysis","Los Angeles, California","Content FP&A"
"75883837-ef95-4790-857c-811ee0c29988","Associate, Studio Strategy & Analysis","Los Angeles, California","Content FP&A"
"bb9d2c28-bee5-4eaa-a409-8f7196c19e08","Manager, Content FP&A - Japan","Tokyo, Japan","Content FP&A"
"7e5f022a-2bda-413d-9bcb-10a719e99cdc","Senior Financial Analyst - Content FP&A","Los Angeles, California","Content FP&A"
"42d6a570-210e-4c89-aabb-e232aa03acdd","Senior Financial Analyst - Content FP&A","Amsterdam, Netherlands","Content FP&A"
"288f13e2-9029-403f-91df-c7288436a59c","Senior Financial Analyst, Studio FP&A","Los Angeles, California","Content FP&A"
"952f4c7c-d9ec-4446-9dd0-d64d118c84fa","Administrative Assistant, Public Policy Specialist Team","Amsterdam, Netherlands","Content Legal"
"f6a0ab51-a4fb-4ac0-a1ec-3013ad92c23d","Counsel, Content - Japan","Tokyo, Japan","Content Legal"
"f7ca77d8-c2fa-42a9-8c5b-1a5d8512c4b7","Counsel, Intellectual Property - India","Mumbai, India","Content Legal"
"14849072-7499-4055-95fc-4d8ae4dcc065","Director, Business & Legal Affairs - LatAm","Mexico City, Mexico","Content Legal"
"3e8e1f3b-ab9b-4623-9719-c2d40d38589b","Legal Coordinator, Business & Legal Affairs - Mexico","Mexico City, Mexico","Content Legal"
"349afdd4-8af3-4314-a5f6-82431d55c32c","Legal Coordinator, Business & Legal Affairs, International Originals - India","Mumbai, India","Content Legal"
"9b7410e5-466e-4160-a1b1-5059d2e39d44","Manager/Counsel, Business & Legal Affairs (Brazil)","Alphaville, Brazil","Content Legal"
"3831926b-0eb1-492a-8821-679ada2426c8","Associate, Content FP&A - Consolidations","Los Angeles, California","Content Strategy, Planning, and Analysis"
"2f1d3995-f677-4be8-a127-ce51181e62bb","Associate, Content Strategy & Analysis - Korea","Seoul, South Korea","Content Strategy, Planning, and Analysis"
"23be3e97-91ff-411c-8714-ee73f74cb3b1","Associate, Content Strategy & Analysis - Mexico City","Mexico City, Mexico","Content Strategy, Planning, and Analysis"
"d557734f-51cf-4364-a5dd-9b5214d2c521","Associate, Content Strategy & Analysis - UK","London, United Kingdom","Content Strategy, Planning, and Analysis"
"54bf420c-5156-4151-9406-e0871fd16bd9","Associate, Marketing FP&A - Consolidation & Technology","Los Angeles, California","Content Strategy, Planning, and Analysis"
"17b3778f-2a7e-427b-9785-1100a6a16ed7","Manager, Content FP&A - Spain & Latin America","Mexico City, Mexico","Content Strategy, Planning, and Analysis"
"2a3aaba4-3f52-4bab-829c-1fed5fc249fb","Manager, Content Strategy & Analysis - Europe, Middle East & Africa","Amsterdam, Netherlands","Content Strategy, Planning, and Analysis"
"8fa01bbc-1df7-4135-b768-fd05dfa42e45","Manager, Content Strategy & Analysis - Mexico","Mexico City, Mexico","Content Strategy, Planning, and Analysis"
"b436fea0-893a-4153-be22-57c02d42267a","Product Manager, Employee Applications","Los Gatos, California","Corporate Engineering Core"
"cad15f91-f99d-4eff-b9fb-b065a33ddf23","Senior Active Directory Engineer","Los Angeles, California","Corporate Engineering Core"
"dd605e01-ee97-4387-8120-e14745b8e096","Senior Frontend Software Engineer Employee Applications","Los Gatos, California","Corporate Engineering Core"
"b1b3edc2-a678-4207-b988-7022e5d6308f","Senior Software Engineer, Full Stack- Employee Applications","Los Gatos, California","Corporate Engineering Core"
"d9b912c3-0aba-44de-9882-ee62b86eed8c","IT Technician - India","Mumbai, India","Corporate Engineering Tech Ops"
"7f3f9558-b5c9-4d72-abef-58dd4ca16f6c","Senior Client Systems Engineer","Los Angeles, California","Corporate Engineering Tech Ops"
"29cd3020-533c-4e99-b361-dc70a1a73872","Associate Corporate SP&A - Product Development","Los Gatos, California","Corporate FP&A"
"a5ade0da-43ed-474b-9bbc-016a311f6574","Director, Corporate Strategy & Analysis (Real Estate & Workplace)","Los Angeles, California","Corporate FP&A"
"c954edf0-7fcb-4baf-8b37-85eb34b2fe26","Director, Strategy Planning & Analysis - Creative Production","Los Angeles, California","Corporate FP&A"
"480cca95-b169-45bd-8c14-ce5acf187300","Manager, Product Platform Strategy, Planning & Analysis","Los Gatos, California","Corporate FP&A"
"74e92d89-4410-4581-9df4-41c4a6caa2f1","Manager, Product Strategy & Analysis – Studio Product","Los Angeles, California","Corporate FP&A"
"0118898a-535e-448d-a6ae-62aef0b988f6","Counsel, Employment Legal - EMEA","Amsterdam, Netherlands","Corporate Legal"
"312ee906-c3c6-41fc-b523-851e80901bd9","Legal Operations eBilling Analyst","Los Angeles, California","Corporate Legal"
"dfbd0aa7-f4a9-4df0-a0ac-c57dc4c52dac","Legal Operations Manager - Litigation Tech","Los Gatos, California","Corporate Legal"
"659b7bdd-d9c6-422d-bb7e-8529c29ca88e","Screen Credits Coordinator, Non-Fiction","Los Angeles, California","Corporate Legal"
"d1781c3d-09e7-4600-919f-d0ac3e8071e2","Specialist, Corporate Security Operations","Los Angeles, California","Corporate Safety and Security"
"91ae2fd6-b609-428f-9d0f-b746484fedab","Art & Print Producer - APAC","Singapore, Singapore","Creative Marketing Production"
"a0bb3882-7a31-4bb4-ae85-ddbb0b15738d","Asset Manager, EMEA","Amsterdam, Netherlands","Creative Marketing Production"
"1e7d140c-625e-42ea-943f-eed75b944c97","AV / Post-Production Producer - Korea","Seoul, South Korea","Creative Marketing Production"
"547e307e-ae2c-4ad8-9832-8d4ea9730077","Campaign Operations Coordinator - Film","Los Angeles, California","Creative Marketing Production"
"5041127d-54b5-42db-be11-6525c7273f3a","Campaign Operations Coordinator - Series","Los Angeles, California","Creative Marketing Production"
"0cabe3c4-9b51-48a9-88bc-4fd4b8ea94fc","Campaign Operations Manager - Korea","Seoul, South Korea","Creative Marketing Production"
"b7650933-f8f4-431c-9031-0a1a3d532761","Digital Producer - India","Mumbai, India","Creative Marketing Production"
"4be67a80-bb38-4977-bd16-7b6ef2c3dee1","Head of Campaign Operations - APAC","Singapore, Singapore","Creative Marketing Production"
"d5e5f572-09ad-425a-b509-aa92af9d07e2","Manager, AV Post Production - Creative Marketing Production EMEA","Amsterdam, Netherlands","Creative Marketing Production"
"04d05f79-cc9d-423f-8929-a04bcfd151ad","Manager, AV Post Production (Localization)","Los Angeles, California","Creative Marketing Production"
"52a5f634-ddfc-46a0-9243-c420b23edc0d","Motion Graphics Artist / AV Editor - APAC","Singapore, Singapore","Creative Marketing Production"
"7a683609-b556-4fdb-96bc-b25a08255515","Operational Program Manager - APAC","Singapore, Singapore","Creative Marketing Production"
"57aef4b3-dfdd-4e85-8ca6-8163595a1154","Operations Program Manager, Creative Marketing Production","Los Angeles, California","Creative Marketing Production"
"c2471722-fa0c-4760-ab8c-cd4caf679742","Print Producer - EMEA","Amsterdam, Netherlands","Creative Marketing Production"
"fea4cd78-50df-41c3-a44d-991fca39187c","Technical AV Editor, EMEA","Amsterdam, Netherlands","Creative Marketing Production"
"50d56075-633d-495d-9ebb-4aa9cd3f6264","Video Post Producer - EMEA","Amsterdam, Netherlands","Creative Marketing Production"
"fa63653e-f43e-4fc4-b0fa-908c10d5254b","Production Specialist, Growth Operations","Los Angeles, California","Creative Production Operations"
"edf7be86-3f0a-4b62-a106-fd97f9d17e9b","Asset Optimization Analyst, Product Creative Strategy","Los Angeles, California","Creative Production Strategy"
"5cf40c39-35e3-4a32-b786-71bcd4fa323e","Audio Designer","Los Angeles, California","Creative Production Studio"
"5fb77529-e82f-4ddc-a496-b0b2ed5b8457","Creative Program Manager (Product Innovation)","Los Angeles, California","Creative Production Studio"
"75f62860-38f8-4e81-9a17-7c83d42e06d3","Innovation Creative (Video) - Creative Studio","Los Angeles, California","Creative Production Studio"
"2b41a6a7-c7eb-4404-8946-15e0ad83acea","Photo Campaign Producer, Films - Creative Studio","Los Angeles, California","Creative Production Studio"
"5304f255-653b-43e2-82e9-4d5310ac7e6e","Engineer, Exhibition Technologies","Los Angeles, California","Creative Tech & Infrastructure"
"accd4537-223e-4dda-8688-af4f11e4c64a","Engineer, Sound Technologies","Los Angeles, California","Creative Tech & Infrastructure"
"72550990-bd59-4c52-8908-bc47f9578dab","Manager, Animation Workflows","Los Angeles, California","Creative Tech & Infrastructure"
"a25767fd-5f96-467a-9e7b-6fe65b0dd258","Manager, Creative Infrastructure","Los Angeles, California","Creative Tech & Infrastructure"
"1ba1586f-d9c5-4ae9-996f-52b940c7ad9e","Specialist, Production Workflow - LATAM","Mexico City, Mexico","Creative Tech & Infrastructure"
"2ab5a8e5-b34f-470a-bdd4-30ea921754b9","Specialist, Production Workflow - Scripted (UCAN)","Los Angeles, California","Creative Tech & Infrastructure"
"2e5618ab-271a-43c7-9d23-5d2077414c5d","Specialist, Sound Technology","Los Angeles, California","Creative Tech & Infrastructure"
"23c0dafb-1f22-47bb-a6cd-3ba90148ff9e","Specialist, Sound Technology - India","Mumbai, India","Creative Tech & Infrastructure"
"2f8582f5-a3e9-45b0-bf17-361d0eb1b49a","Specialist, Sound Technology - Tokyo","Tokyo, Japan","Creative Tech & Infrastructure"
"07fa3505-e353-4a85-ae5d-ddb27c2950c5","Specialist, Sound Technology EMEA","Amsterdam, Netherlands","Creative Tech & Infrastructure"
"bdf26217-7767-4fdd-8cc4-adea54a65a64","Systems Engineer, Creative Systems Support - Animation","Los Angeles, California","Creative Tech & Infrastructure"
"9d66a20e-0470-49b9-be0f-9fa273c744f9","Systems Engineer, Creative Systems Support - VFX","Los Angeles, California","Creative Tech & Infrastructure"
"86f3b56a-8a32-480b-a5d4-52d24a44f7d6","Customer Service Insights Analyst","Makati, Philippines","Customer Service Administration"
"2d5dc4d4-09b6-4b13-9dbf-8d44c2d10564","Global Curriculum Developer, Customer Service","Los Gatos, California","Customer Service Administration"
"056d7b86-5695-426f-8c98-a3e2744cb026","Policy Escalations Specialist","Amsterdam, Netherlands","Customer Service Administration"
"64dca311-8f3c-449d-892a-40d032f81820","Policy Escalations Specialist","Los Gatos, California","Customer Service Administration"
"cf968489-65cc-4290-b278-a4383509f339","Policy Escalations Specialist, Customer Service","Alphaville, Brazil","Customer Service Administration"
"f71e52c8-b589-42ed-913c-af1a7c30a87e","Visual Designer - Customer Service","Los Gatos, California","Customer Service Administration"
"06322747-cf89-4614-a615-2acd904816b9","WFM Capacity Planning Analyst","Salt Lake City, Utah","Customer Service Administration"
"908a623f-b586-4dc7-be54-67cf11ed65ac","Netflix Production Support Manager","Salt Lake City, Utah","Customer Service Operations"
"f8835e82-7e3a-479b-a3c3-32f18a5f452b","Product Support Operations Manager","Los Gatos, California","Customer Service Operations"
"f87ee407-7c32-4e1a-8624-8164d592e3a4","Technical Research Analyst","Amsterdam, Netherlands","Customer Service Operations"
"0ea17483-3662-4e68-b75f-7048dd6c15be","Technical Research Team Manager","Salt Lake City, Utah","Customer Service Operations"
"e9e0e6ca-48a5-4cbd-b4d3-62f8244f92b9","Technical Research Team Manager","Makati, Philippines","Customer Service Operations"
"0ad04bae-7279-4e45-815e-86560c617475","Senior Data Engineer, Content Data Engineering","Los Angeles, California","Data Engineering and Infrastructure"
"68e43320-7bf5-4549-8e0e-3680be6c00ea","Senior Software Engineer - Real Time Data Infrastructure","Los Gatos, California","Data Engineering and Infrastructure"
"b11b6d09-3bd1-40fb-8094-b3303a604e8f","Engineering Manager, Data Platform Insights","Los Gatos, California","Data Platform Engineering"
"603282ee-3c0e-44e3-b32b-a3f647e41d97","Senior Distributed Software Engineer - Big Data Infrastructure","Los Gatos, California","Data Platform Engineering"
"d3bf1e29-e556-4e76-8651-8b65e31d13ec","Senior Distributed Software Engineer - Big Data Warehouse","Los Gatos, California","Data Platform Engineering"
"bcd76d63-ba17-4c2f-a676-e471fe0199d5","Senior Software Engineer - Core Data Platform","Los Gatos, California","Data Platform Engineering"
"91f166c1-e980-4440-b3fd-bba89a7478a6","Senior Software Engineer - Data Abstraction Platform","Los Gatos, California","Data Platform Engineering"
"e119113a-a4be-4791-a853-9af7f2fbedb3","Senior Software Engineer - Data Pipeline Platform","Los Gatos, California","Data Platform Engineering"
"41f1ab52-66e1-484d-9930-076889e9c5f3","Senior Software Engineer, Data Access Platform","Los Gatos, California","Data Platform Engineering"
"b059b886-320c-4652-a86d-a34e3093615d","Senior Software Engineer, Global Storage","Los Gatos, California","Data Platform Engineering"
"a2587996-2724-4a16-b6e3-709eab01da84","Senior UI Engineer - Platform Engineering","Los Gatos, California","Data Platform Engineering"
"61fd4a26-f1c1-4cac-8d9a-335dbf1da541","Content Analytics Leader, Data Science and Engineering","Los Gatos, California","Data Science and Engineering"
"99cfe6a2-7cd3-426f-ad74-23a8febb484e","Data Engineering Manager, Personalization","Los Gatos, California","Data Science and Engineering"
"5d632316-2882-4ad4-9b09-e15e335ee619","Data Science & Analytics Leader - Growth Marketing and Messaging","Los Gatos, California","Data Science and Engineering"
"db5617aa-1397-439b-bfb5-fec3842339b2","Data Science Leader - Video Delivery & Infrastructure","Los Gatos, California","Data Science and Engineering"
"e7447b6e-bab7-40e3-89e9-8d2bb0beaefd","Senior Analytics Engineer - Artwork and Video","Los Gatos, California","Data Science and Engineering"
"3a0957ac-f3f2-46fa-87f6-329f5a78c1fd","Senior Analytics Engineer (Animation) - Studio Data Science and Engineering","Los Angeles, California","Data Science and Engineering"
"27496dad-ca2b-46d7-9cdb-f372235a330e","Senior Data Engineer - Content Delivery Network","Los Gatos, California","Data Science and Engineering"
"7816a1b9-044d-4229-a557-865663493fe1","Senior Data Engineer, Growth","Los Gatos, California","Data Science and Engineering"
"f5ac2dba-3cc7-4f80-b3bf-6a1c00af60cf","Senior Data Engineer, Marketing and External Data Systems","Los Gatos, California","Data Science and Engineering"
"fb9375b5-4188-4c8b-89ac-a8a91a3c3723","Senior Data Engineer, Membership","Los Gatos, California","Data Science and Engineering"
"2567e082-d66c-40ee-aceb-d59d4b2b45ab","Senior Data Engineer, Product Analytics","Los Gatos, California","Data Science and Engineering"
"a3023f24-1050-49de-9505-66f1c60e8a6b","Senior Data Engineer, Studio Growth, Data Science & Engineering","Los Angeles, California","Data Science and Engineering"
"584d6335-09e0-483c-a002-d21711c0dd12","Senior Data Scientist - Experimentation for Globalization","Los Gatos, California","Data Science and Engineering"
"11449514-df15-4596-8de9-ff8cf330aa1a","Senior Data Scientist - Product Experimentation and Analytics","Los Gatos, California","Data Science and Engineering"
"4fd81c2a-45c6-4795-99f6-911e2be3605e","Senior Data Scientist - Recommendation Algorithms, Experimentation & Product Insights","Los Gatos, California","Data Science and Engineering"
"5bac14f1-fed6-406f-8d25-05f483cfea40","Senior Full Stack Software Engineer - Core Data Science & Engineering","Los Gatos, California","Data Science and Engineering"
"b3d41b08-0fea-4f4b-a5d7-df8f00e00438","Senior Machine Learning Scientist - Globalization","Los Gatos, California","Data Science and Engineering"
"f36d6007-1afa-47ba-b764-29e01421b330","Senior Software Engineer - Consolidated Logging","Los Gatos, California","Data Science and Engineering"
"8f1d755b-664a-4421-a258-1b3f45b5bd97","Senior Software Engineer, Core Data","Los Gatos, California","Data Science and Engineering"
"c59989c7-7b0a-4e5b-837b-ad209c330b62","Senior UI Engineer, Experimentation Platform","Los Gatos, California","Data Science and Engineering"
"fea606b7-b48c-465d-be70-87b952d258ad","Sr. Data Product Manager, Consolidated Logging","Los Gatos, California","Data Science and Engineering"
"de1d5364-bf4f-4311-84f8-9c0a5c7235de","Video Streaming - Data Science and Analytics Leader","Los Gatos, California","Data Science and Engineering"
"8b6d9141-0ae2-4c9c-9ab2-8f7e83468424","Manager, Physical Production - Nonfiction (Brazil)","Alphaville, Brazil","Docs, Comedies, Unscripted & Talk Production"
"b04d4492-5041-4e84-8dd2-ef5b5c7fecc3","Senior Software Engineer - Certification","Los Gatos, California","Ecosystem Engineering"
"21d2c428-b1f8-41d7-af70-551d79d9ae1f","Senior Software Engineer - Partner Developer Experience","Los Gatos, California","Ecosystem Engineering"
"8caa5f44-6f38-4ba3-bd7f-123ba41b58e7","Senior Software Engineer - Partner Developer Experience (Tools)","Los Gatos, California","Ecosystem Engineering"
"1141224b-40d0-4dab-91f4-de250eb30e66","Senior Software Engineer - Partner Infrastructure","Los Gatos, California","Ecosystem Engineering"
"f542c152-2a70-4426-bd29-07f224056d11","Senior Software Engineer - Partner Lifecycle Engineering","Los Gatos, California","Ecosystem Engineering"
"9859a916-6e4f-4adc-a30b-2b1cb3bb4f8d","Engineering Manager - Playback Data Systems","Los Gatos, California","Edge Engineering"
"40730f00-6efd-4206-8763-d76dfb3d1a19","Senior Distributed Systems Engineer - Netflix API","Los Gatos, California","Edge Engineering"
"702658a8-25d7-4a0e-96bc-947a761815ab","Senior Software Engineer - Device Identity Systems","Los Gatos, California","Edge Engineering"
"d731485e-52a3-433f-b68b-cf3841bb8741","Senior Software Engineer - Playback Data Systems","Los Gatos, California","Edge Engineering"
"fc90546e-ec8e-49c7-855f-4b5f2a07510d","Senior Software Engineer - Playback Licensing API","Los Gatos, California","Edge Engineering"
"ab4bb46c-a345-480b-b274-189d68dadb72","Senior Software Engineer - Product Edge Access Systems","Los Gatos, California","Edge Engineering"
"126c29dd-a75a-40e0-af0d-d0b25e295c5c","Senior Software Engineer - User Systems & Data","Los Gatos, California","Edge Engineering"
"7ecac9e9-d980-4dce-868e-c2be525952fe","Senior Software Engineer, Graph APIs","Los Gatos, California","Edge Engineering"
"ed2459e0-aaa4-435e-a6ae-0d56c8c9f097","AV Engineer","Los Angeles, California","Employee Technology"
"1aecfbca-4bac-454e-b738-4f20f4aab00d","AV Engineer","Los Gatos, California","Employee Technology"
"3cf215ff-9a22-4aa0-8c50-0352fb5699f8","AV Engineer, Events","Los Angeles, California","Employee Technology"
"5d76b624-54a3-4b46-a1bf-8555fadb5490","IT Support Engineer- India","Mumbai, India","Employee Technology"
"d3f1bd0c-3d4f-4604-918a-0ec4480b58b1","Creative Supervisor (Design, VFX and Animation)","Los Angeles, California","Events"
"32e3f9e2-0573-4487-8825-d5365cc19787","Accountant","Los Gatos, California","Finance Core"
"16795d7e-86dd-471d-8e92-28d5be8526b6","Accounts Payable Manager - EMEA","Amsterdam, Netherlands","Finance Core"
"de7f1d2f-bb88-4111-b344-1f7def27b3f6","Americas Payroll Manager","Los Gatos, California","Finance Core"
"8136086d-27c7-4ed8-b3eb-bb33672a7115","Associate, Studio FP&A - EMEA","Amsterdam, Netherlands","Finance Core"
"2b80b3f9-9d09-49f4-947d-eb51c50c1c49","Content Accountant","Los Angeles, California","Finance Core"
"8b3ccc93-eef1-4700-939c-8afe05a536e7","Finance Operations Business Partner - G&A","Los Gatos, California","Finance Core"
"6482c8f2-6f9c-4ada-80d3-bed9f33add96","Financial Analyst, Residuals","Los Angeles, California","Finance Core"
"79bfacef-c174-4a71-ab01-ec59230f2ece","Financial Systems Analyst (Planning) - Finance Technology","Los Gatos, California","Finance Core"
"1eaeaca9-ea69-45dc-a9d0-957060d09dfc","Integration Architect, Finance Technology - APAC","Singapore, Singapore","Finance Core"
"89f027de-b958-4ae7-b6f9-2aa5b39f796c","Manager - Content Amortization and Forecasting","Los Angeles, California","Finance Core"
"495c7c17-8ef5-4747-818f-a5275776c47c","Manager, Content Accounting - EMEA","Amsterdam, Netherlands","Finance Core"
"cb00e2ce-b42c-46d7-8094-bfd4b9707089","Manager, Internal Audit","Los Gatos, California","Finance Core"
"5845330e-58ef-4ce0-902d-afdddcbcf192","Senior Finance Accountant - EMEA","Amsterdam, Netherlands","Finance Core"
"6d6d152c-bfc3-40fe-9dd8-dbb108494967","Sr. Payroll Specialist - NY","New York, New York","Finance Core"
"02a944a8-a851-483f-b52d-f5b3b3df33bd","Technology Audit Manager","Los Gatos, California","Finance Core"
"17a2e2fe-a038-41f9-b64c-7303c59e3c4a","HR Business Partner Manager, EMEA","Amsterdam, Netherlands","HR Business Partner"
"492c5d90-9954-4e73-ad01-0e03650cb249","Coordinator, Inclusion Strategy Team","Los Angeles, California","Human Resources Core"
"4794542c-dd79-4700-8251-7979fe319220","Corporate Events Manager - APAC","Singapore, Singapore","Human Resources Core"
"b4787872-4496-4bdb-a2e8-7aa0e73f6c02","Director Inclusion & Diversity EMEA","Amsterdam, Netherlands","Human Resources Core"
"ae10e22a-fe1f-41da-9a25-85f76668f1f6","Human Resources Business Partner - APAC","Singapore, Singapore","Human Resources Core"
"188b2a02-cde9-495e-925e-6b560c9c7ad9","Human Resources Business Partner, Director - Korea","Seoul, South Korea","Human Resources Core"
"fd44eddc-2884-442f-ad28-3bc941e79157","Manager, Human Resource Business Partner - India","Mumbai, India","Human Resources Core"
"fae005d2-21f2-447d-9976-dcef6b5f71a3","Program Manager, Benefits - EMEA","Amsterdam, Netherlands","Human Resources Core"
"503c6ca7-75d9-450c-a1f3-d85166ff1b8f","Senior Generalist, Employee Services - Germany","Berlin, Germany","Human Resources Core"
"7c824c64-11e2-442f-96ac-ac1b18cd152d","Senior Cloud Security Engineer","Los Gatos, California","Information Security"
"fa61f302-9248-47bb-b8c3-0a1a48e84aca","Senior Full Stack Engineer - User Focused Security Engineering","Los Gatos, California","Information Security"
"4b0fe39f-e099-44b5-92fe-948f8fa465ca","Senior Full Stack Engineer - User Focused Security Engineering","Los Angeles, California","Information Security"
"bd42b2f1-f1fe-42cc-b659-2cde9c06ac02","Senior Privacy Engineer","Los Gatos, California","Information Security"
"16c45b50-18b2-4d07-95a9-e6f62d5209c0","Senior Security Engineer - Customer Trust","Los Gatos, California","Information Security"
"8dbfcc2d-a51a-46b0-b7da-db12cf8312f5","Senior Security Engineer: Detection","Los Gatos, California","Information Security"
"f4723d22-1df2-4210-b0e5-e41a0b766161","Senior Security Partner, Application Security","Los Gatos, California","Information Security"
"4807d694-e58d-46ce-a782-3a45b2d3725b","Senior Security Software Engineer - Customer Trust","Los Gatos, California","Information Security"
"4a78b2f6-824a-4e18-924a-dbf03e40e254","Senior Technical Program Manager - Information Security","Los Gatos, California","Information Security"
"92265791-ed54-4f01-9a59-a709561068f2","Senior Technical Program Manager, Privacy Engineering","Los Gatos, California","Information Security"
"94c1a7ce-4eba-45e6-b1d5-8ce8b91b4313","Sr Security Software Engineer, Platform Security","Los Gatos, California","Information Security"
"2d11d912-bfb3-4d9d-bfa1-0ce036214284","Senior Systems Reliability Engineer - Studio & Corporate Infrastructure","Los Angeles, California","Infrastructure Network Engineering"
"920ef19d-4c87-426f-a448-7d0c1b426581","Coordinator, Intellectual Property","Los Angeles, California","Intellectual Property"
"5a7c511c-e951-4854-9a83-08050ed4343c","Assistant, Dubbing Operations - EMEA","Amsterdam, Netherlands","International Dubbing"
"e6b0ab2d-48f6-4e96-a2e8-fdd6206644cc","Manager, Creative Dubbing and Operations - EMEA","Amsterdam, Netherlands","International Dubbing"
"af1da9f6-f093-491e-bfef-65bfb99af5a8","Manager, Dubbing Operations - Animation","Los Angeles, California","International Dubbing"
"b37942f7-007c-4860-8375-fb605a27319b","Specialist, Dubbing Operations - APAC","Mumbai, India","International Dubbing"
"e09dfe24-b1d7-4dcd-9c86-f3f4faeb1484","Specialist, Dubbing Operations - LATAM","Mexico City, Mexico","International Dubbing"
"46e29451-9baf-46ef-8321-b12e1c6adaed","Supervisor, Creative Dubbing - International Dubbing","Mumbai, India","International Dubbing"
"aa8551a7-672c-40a3-b100-7b2713894620","Supervisor, Creative Dubbing - LATAM","Mexico City, Mexico","International Dubbing"
"511fcaaf-f016-494c-9d60-4ee7e42938f8","Supervisor, Creative Dubbing - Spain","Madrid, Spain","International Dubbing"
"57c65f0e-4d49-487d-86c9-8a7ac6665180","Coordinator LATAM, Nonfiction Series","Mexico City, Mexico","International Originals Content"
"6c1b74bf-f24a-4744-9647-703c1dc478f4","Coordinator, Physical Production, Anime","Tokyo, Japan","International Originals Production"
"681eea15-1eb5-44f3-9795-97a088788ba3","Coordinator, Post Production - Central & Eastern European Originals","Amsterdam, Netherlands","International Originals Production"
"2ce3ab3f-d1a4-45e1-abbe-2a2f7c24dd3d","Manager, Physical Production - Korea","Seoul, South Korea","International Originals Production"
"6968035e-496f-4c1b-8743-5c2a745ef3e6","Manager, Post Production - French Originals","Paris, France","International Originals Production"
"d19e07e4-51b0-47ac-86a0-f14d893fec7a","Physical Production Executive - Italian Originals","Rome, Italy","International Originals Production"
"55774d1b-23f8-4907-b2d9-adab7a2907b6","Coordinator, Labor Relations","Los Angeles, California","Labor Relations"
"67d60f2a-92ba-477f-8ef8-69cb732f7ff7","Administrative Assistant — Production Employment—UCAN & Minors, Immigration & Diligence","Los Angeles, California","Litigation and Regulatory Affairs"
"a334da9b-9c9e-456e-8475-87075c0e31a9","Legal Operations Coordinator, Privacy","Los Gatos, California","Litigation and Regulatory Affairs"
"c0a87d7d-9c45-4018-80e9-5a825b0bf677","Marketing Manager - Japan","Tokyo, Japan","Marketing Core"
"c5966979-a966-4437-9571-dfbc9f6e0825","Associate, Marketing Strategy & Analysis - Japan","Tokyo, Japan","Marketing Planning and Analysis"
"cc0b8cc5-34a0-40b3-8714-133d0c945829","Associate, Marketing Strategy & Analysis","Mexico City, Mexico","Marketing Strategy, Planning, and Analysis"
"affee3ec-c98c-446f-93fb-585a9c41300a","Manager, Marketing Strategy & Analysis - UK","London, United Kingdom","Marketing Strategy, Planning, and Analysis"
"d3e90d18-b00a-4d3a-b644-663e55be6610","Engineering Leader - Promotional Video Fulfillment","Los Angeles, California","Marketing Tech Engineering"
"008b3947-1e08-4f85-a304-54abdaa36348","Senior Product Manager - Artwork Fulfillment","Los Gatos, California","Marketing Tech Engineering"
"57dc014e-82e4-47de-8e82-647e609f766a","Senior Software Engineer - Content Platform Engineering","Los Gatos, California","Marketing Tech Engineering"
"b204f0a1-8e62-41ea-8b22-182b79ca1917","Senior Software Engineer - Marketing and Promotional Media Technology","Los Angeles, California","Marketing Tech Engineering"
"7188b90a-af4d-44fd-b3f2-d22f7a295d35","Director, Music, Business & Legal Affairs","Los Angeles, California","Music Legal"
"e7185af8-8514-47d1-aa26-c67e64d6c973","Casting Coordinator, Original Animation, Series","Los Angeles, California","Original Animation Content"
"95b90d2b-9954-4994-b18b-3276845361a3","Coordinator, Artist Management, Original Animation","Los Angeles, California","Original Animation Content"
"f751b6af-199f-4622-a3b9-976738108a04","Contract Administrator - Original Animation, Business and Legal Affairs","Los Angeles, California","Original Animation Legal"
"e8c0bc41-7666-43d0-9397-a760fe773293","Coordinator, Casting Administration, Original Animation","Los Angeles, California","Original Animation Legal"
"66a640ee-732a-4de0-9717-6d3780631bd6","Paralegal - Original Animation, Business and Legal Affairs","Los Angeles, California","Original Animation Legal"
"569ff299-3fd4-46dd-8907-cd04ab9f72cf","Counsel, Original Family Features (Live Action)","Los Angeles, California","Original Indie Features Legal"
"418afdca-9245-4c5a-a3a9-6b92d6be7ee4","Counsel, Original Series","Los Angeles, California","Original Series Legal"
"4184e915-6c4b-47ed-9fdb-b261f1bde53c","Administrative Assistant, Original Studio Films","Los Angeles, California","Original Studio Features Legal"
"676fde04-f424-4d5a-b9f9-a236e1dc8140","Director of Product - Partner Enablement","Los Gatos, California","Partner Ecosystem Core"
"8b2211e1-b6b4-4919-910d-1de099e377a6","Partner Engagement Manager - Consumer Electronics","Los Gatos, California","Partner Ecosystem Core"
"f779813a-3d5e-4cb4-a699-a79e2d2cced5","Partner Engagement Manager - Platforms","Los Gatos, California","Partner Ecosystem Core"
"538f3579-61e9-44fb-8659-a76af8a39222","Partner Engagement Manager, Set-Top Box Integration - EMEA","Amsterdam, Netherlands","Partner Ecosystem Core"
"2516dc77-e54c-4287-8a52-0f892f4bb6b2","Product Manager - Device Platforms","Los Gatos, California","Partner Ecosystem Core"
"4930d083-5e17-4dfd-89ab-4c20610aee7c","Head of Strategic Marketing Partnerships - Japan","Tokyo, Japan","Partner Marketing"
"8152a656-e376-4357-a4bc-b8618c3dc59c","Manager Partner Marketing Creative - DACH","Berlin, Germany","Partner Marketing"
"1611be9e-c827-4cad-a3a0-7cc85c58fd9e","Partner Marketing Creative Manager - India","Mumbai, India","Partner Marketing"
"c0721e1a-7fc1-478f-b392-8ea4c7423a44","Partner Marketing Manager, SoLa","Alphaville, Brazil","Partner Marketing"
"ce5ed340-aec5-4e84-9940-9adee7f6c226","Senior Manager, Partner Marketing DACH","Amsterdam, Netherlands","Partner Marketing"
"1c9b9b1c-a449-440f-89a1-1e1a03e3c5d4","Partner Engagement Manager - EMEA","Amsterdam, Netherlands","Payments"
"0a58e1e5-25dd-4859-a64a-536cbbb494a8","Partner Engagement Manager, Payments - North America","Los Gatos, California","Payments"
"e814ab39-ca89-4146-994b-e2bfa96a9bf8","Payment Operations Specialist","Los Gatos, California","Payments"
"b8fa2b43-a047-4f7e-a503-931bb4e33da7","Product Manager - Partner Revenue","Los Gatos, California","Payments"
"3590d851-5576-4652-a4fd-03eb3eda2714","Senior Manager, Payments - North America","Los Gatos, California","Payments"
"0f80b635-9c06-4080-8882-e31699d17fa2","Senior Research Scientist - Machine Learning for Personalization","Los Gatos, California","Personalization Engineering"
"9b34f90d-8e28-4f7b-9ae5-a24f0ecee0ec","Tech Ops Site Support - Secuoya Studios, Madrid","Madrid, Spain","Physical Production Core"
"bb3c92bf-0b60-40e0-8687-a837fb59880c","Senior Performance Engineer","Los Gatos, California","Platform Engineering"
"0544a786-f4be-4763-913f-a882e22d75c5","Senior Software Engineer - Developer Productivity","Los Gatos, California","Platform Engineering"
"7729ed2b-6f3d-4f52-9d04-05877ac02678","Senior Software Engineer, Operational Intelligence","Los Gatos, California","Platform Engineering"
"7a905b7d-8989-4b80-aab5-258ecacdec8d","Coordinator, Post Production","Mexico City, Mexico","Post Management"
"77ed8d75-c15a-416c-b085-a560c5230a55","Coordinator, Post Production, Italian Originals","Rome, Italy","Post Management"
"a6601852-522a-41e6-8f1b-6b0a0cf62094","Coordinator, Post Production, Korean Originals","Seoul, South Korea","Post Management"
"f9eeb763-9143-44c7-8a31-50f45c0f645c","Manager, Post Production (Mexico)","Mexico City, Mexico","Post Management"
"76530304-da8e-4bb4-aa6a-62aaa270ce37","Manager, Post Production, Live Action - Japan","Tokyo, Japan","Post Management"
"25059442-896c-4c1a-ba20-2e49f01ba6c1","Event Specialist | Partner Outreach- Partnerships & Integration","Los Angeles, California","Post Partnerships & Integration"
"472a7e19-215f-49ea-a13f-878253c0a58d","Senior Product UX Researcher, Creative Production","Los Angeles, California","Product Consumer Insights"
"fb00c0d4-45d0-4200-b618-5ab34c8baa1e","Senior Product UX Researcher, Growth & Customer Health","Los Gatos, California","Product Consumer Insights"
"ae546dbe-dec7-48d4-ae9d-d2ba20dd6114","Creative Production - Program Manager, Product Testing","Los Gatos, California","Product Creative Core"
"7199ab6b-6e4b-49fb-b1f7-e822cb38c45b","Creative Production - Program Manager, Product Testing (Kids)","Los Gatos, California","Product Creative Core"
"d0b6d40d-7d74-440c-897c-26a37e3f197c","Localization Program Manager, LATAM","Alphaville, Brazil","Product Creative Core"
"e20f0934-c173-43e3-9bc9-83fb3bf65da3","Product Creative Manager, Animation (Kids + Family)","Los Angeles, California","Product Creative Core"
"f4301566-de61-4b29-ab1f-fa0b0f1f8537","Taxonomist, Editorial Creative","Los Angeles, California","Product Creative Core"
"04164efc-3fff-47f6-937b-7b90a0604e22","Traffic & Asset Coordinator, Product Creative Strategy EMEA","Amsterdam, Netherlands","Product Creative Core"
"cf0e584b-271e-40b1-a29c-b5c4261c99a9","Administrative Assistant, Editorial Creative","Los Angeles, California","Product Creative Editorial"
"6aefe66a-7588-473c-8b6c-09c5a38fe5e9","Korean Language Editorial Lead","Seoul, South Korea","Product Creative Editorial"
"2aa9e1f5-0bbf-4d7f-84cf-d9ef0518a832","Ratings Policy Strategist","Los Angeles, California","Product Creative Editorial"
"4d624a90-d6d1-4201-b914-33dfd1545d1f","Synopsis Editor, Korean Content","Los Gatos, California","Product Creative Editorial"
"29fad5e4-a6c5-46e1-87ca-db2ace23267d","Synopsis Writer: Arabic Content Specialist","Amsterdam, Netherlands","Product Creative Editorial"
"a6e8b07f-2653-472c-891c-9ae01cbb8c52","Administrative Assistant, Globalization","Los Gatos, California","Product Creative Globalization"
"47ce84b1-1a05-4a3e-969d-ad0024c5dd85","APAC Localization Manager - Language Management","Singapore, Singapore","Product Creative Globalization"
"0fb18b89-ecde-4a62-8e88-2bd8d31ee98a","Brazilian Portuguese Language Manager","Alphaville, Brazil","Product Creative Globalization"
"d6a8f4ed-67aa-4a0f-93b5-c7221e554fb7","Director of Localization - Language Management","Amsterdam, Netherlands","Product Creative Globalization"
"3f88a76f-380b-443f-ba58-74723f95a0f0","German Language Manager - DACH (Globalization)","Berlin, Germany","Product Creative Globalization"
"f418f46b-d131-433f-af53-4e08d5ccf291","Globalization Vendor Project Manager","Los Angeles, California","Product Creative Globalization"
"bb6ebb7b-4322-497f-a7f6-5b8482149a53","Korean Language Manager (Globalization)","Seoul, South Korea","Product Creative Globalization"
"8e128a51-63c0-48b5-a595-3640b41d5616","Localization Program Manager","Singapore, Singapore","Product Creative Globalization"
"f3cbe5ed-bd9e-4f23-b74c-60c55cea722f","Localization Program Manager - APAC","Seoul, South Korea","Product Creative Globalization"
"72b975e3-0469-44d3-bfb4-338a38ad2e1e","Localization Program Manager - APAC","Tokyo, Japan","Product Creative Globalization"
"70d8b00a-d3e2-4436-9931-0bba65e40b3d","Localization Project Manager - Content","Los Angeles, California","Product Creative Globalization"
"379714dd-592b-4de9-9230-b516f675e48b","Localization Project Manager - India","Mumbai, India","Product Creative Globalization"
"1b586a44-95cf-4275-9536-04af7c601b41","Localization Project Manager - Japan","Tokyo, Japan","Product Creative Globalization"
"7847ee52-83f5-47a7-8af8-52248446a1c9","Localization Project Manager, Marketing - APAC","Singapore, Singapore","Product Creative Globalization"
"3577f3fd-bc1a-4fd9-ba3f-278946e0ea5d","Localization Project Manager, Marketing EMEA Globalization","Amsterdam, Netherlands","Product Creative Globalization"
"394f9210-256a-4f9f-ac17-2d113ae35d04","Regional Language Manager - South East Asia","Singapore, Singapore","Product Creative Globalization"
"efa80f41-d19b-4f02-91ef-b764a0b3a49a","Creative Partnerships, Promotional AV & Design, India","Mumbai, India","Product Creative Operations"
"f3186c60-870b-4447-bba2-27a384de975e","Training Coordinator, Performing Partners Program - Creative Partnerships","Amsterdam, Netherlands","Product Creative Operations"
"fc0c30f4-b7dc-4c17-a697-c9b97d40dd0f","Design Manager - Interactive Experiences","Los Gatos, California","Product Creative Studio"
"6ba9bef7-2e1d-43d4-b730-75359595965a","Product Design Manager, Partnerships & Payments","Los Gatos, California","Product Design"
"248a68b8-847c-4db3-91ae-f7ab04aae974","Product Design Manager, Studio Media","Los Angeles, California","Product Design"
"dc0c8ed5-dab9-4a3f-938f-6d5923184bd7","Product Designer, Growth Messaging","Los Gatos, California","Product Design"
"9b3e7903-8999-48c3-ade2-d3b70c063441","Product Designer, Interactive Experiences","Los Gatos, California","Product Design"
"128a7501-d1a9-41b2-88fa-5d1d3fb3f4f9","Product Designer, Studio XD","Los Angeles, California","Product Design"
"4781830d-1f89-4d71-90c3-341dc6626c16","UI Motion Designer, Interactive Experiences","Los Gatos, California","Product Design"
"aaba4e38-d97c-4168-aecd-2dab87aeeba4","Engineering Manager, Membership Platform","Los Gatos, California","Product Engineering Core"
"af2d24f7-275d-42a3-88ca-25724048b601","Senior Full-Stack Software Engineer, Contact Engineering","Los Gatos, California","Product Engineering Core"
"2218b96e-1a80-4a1d-95b0-81d9b2dabe9c","Senior Integration Engineer, Partner Subscription","Los Gatos, California","Product Engineering Core"
"7d44a573-d4f0-4246-a4a0-b5a6cf24eeba","Senior Research Scientist - Algorithms Engineering","Los Gatos, California","Product Engineering Core"
"9504c3d7-7dcf-4ce7-bc8d-fd74f40f83ad","Senior Software Engineer - Billing & Revenue Infrastructure","Los Gatos, California","Product Engineering Core"
"65fcf0d0-5868-471f-bdcf-7e1442820f92","Senior Software Engineer - Growth Engineering","Los Gatos, California","Product Engineering Core"
"3dc6bd50-51f8-4be5-bf46-e1578c900a47","Senior Software Engineer - Messaging Personalization","Los Gatos, California","Product Engineering Core"
"94ede52e-6662-4f4b-ac44-8532e6305c7d","Senior Software Engineer - Payments","Los Gatos, California","Product Engineering Core"
"88ece187-c413-48d7-bee6-9d148a780b40","Senior Software Engineer- Membership Platform","Los Gatos, California","Product Engineering Core"
"b4410852-0c49-4884-ba5e-ef51444961ef","Senior Software Engineer, Partner Growth Platform","Los Gatos, California","Product Engineering Core"
"d88f9bbf-7b93-41b1-bb2c-29471eb676c6","Sr. Payments Platform Security Engineer","Los Gatos, California","Product Engineering Core"
"fa02fb75-7559-43aa-bbf1-01413612c87e","Director of Product Innovation - Launch Strategy","Mumbai, India","Product Management Core"
"ea44bac6-5626-49df-9754-c6ba9ef8ee0b","Director of Product Innovation - Originals Launch Strategy - Series","Los Angeles, California","Product Management Core"
"1c93dada-660a-405a-b872-fd42dfc14a63","Director of Product Innovation - Originals Launch Strategy - SPLATAM","Mexico City, Mexico","Product Management Core"
"bc411175-5c57-4f20-8cb1-a83db230ac8f","Director of Product Innovation, Animation","Los Angeles, California","Product Management Core"
"2d6c3aa1-2a13-44c0-8c9e-ee7dfeaf7f37","Product Manager - Payments","Los Gatos, California","Product Management Core"
"f1dccde1-a164-4c3a-af06-516eb4ce332a","Product Manager, Studio Technology (Workforce Management)","Los Angeles, California","Product Management Core"
"c787ac26-cb1e-4e9f-8478-da1cd2a6a0c7","Engineering Manager - Telemetry, Insight Engineering","Los Gatos, California","Productivity Engineering"
"03fd9a13-7925-4ada-8f45-3014e7f835d2","Engineering Tools & Services - Build Manager","Los Gatos, California","Productivity Engineering"
"5b53d24b-98ff-4ac4-89a1-9fe338dfa81d","Senior Software Engineer - Engineering Tools & Services","Los Gatos, California","Productivity Engineering"
"4e6e22fe-c43d-4904-841a-96f61efe2e81","Senior Software Engineer - Insight Engineering - Logs","Los Gatos, California","Productivity Engineering"
"41719528-d4fe-4778-970b-241133f03191","Senior Software Engineer - Runtime Configuration","Los Gatos, California","Productivity Engineering"
"a48e226f-3329-4aaf-b017-74c89531b83c","Senior Software Engineer, Runtime Java Platform","Los Gatos, California","Productivity Engineering"
"296e76c9-d0f5-4890-8a1b-717bbae9867d","Content Protection Coordinator","Los Angeles, California","Public Policy"
"1e81f2f1-33bd-42b1-a960-dc99156f69a4","Administrative Assistant","Mexico City, Mexico","Publicity"
"dfaedaf8-014a-46dd-ab99-192e6d2f7473","Anime Manager, Originals Publicity - Japan","Tokyo, Japan","Publicity"
"f0276040-eb09-4300-9bac-0018146177ad","Events Manager - EMEA - Temporary","Amsterdam, Netherlands","Publicity"
"d4d24d5e-aa42-4ab6-924b-e432c534da32","Originals Publicity Manager - Middle East","Amsterdam, Netherlands","Publicity"
"fa0cf887-acf9-406c-89c8-6d4b15b33d0c","Publicity Coordinator - India","Mumbai, India","Publicity"
"bef17620-d32f-44af-a8b4-d5f9336af11e","Publicity Director  - Korea","Seoul, South Korea","Publicity"
"7b8a5816-907a-445a-b978-1dbce4da7cf6","Publicity Specialist - APAC","Singapore, Singapore","Publicity"
"f7459de4-cf5e-4de8-90f5-fcb57f35fc7b","Director, Marketing - SoLA","Alphaville, Brazil","Regional Marketing"
"b7860571-65c1-41ad-bdb2-90895b1af54d","Marketing Manager, Mexico","Mexico City, Mexico","Regional Marketing"
"047c5233-f014-4d13-8093-2c67abe4a0d1","Marketing Manager, Series Strategy (YA Family) - UCAN","Los Angeles, California","Regional Marketing"
"d2d27f63-5759-4791-a286-9450cd7feefd","Senior Manager, Marketing - Middle East","Amsterdam, Netherlands","Regional Marketing"
"95056ba8-b720-4ff8-9109-72bb3eebd6ee","Senior Marketing Manager, Nordics","Amsterdam, Netherlands","Regional Marketing"
"bf553dec-96f1-4409-9d8e-fadc7c85fca7","Business and Legal Affairs Associate: Strategic Knowledge Management","Los Angeles, California","SOAP, The Labs, SKM & Physical Production Legal"
"fb51e968-478f-417f-819f-a255459df0d3","Coordinator, Casting Administration","Los Angeles, California","SOAP, The Labs, SKM & Physical Production Legal"
"0803a877-a764-49bd-966e-fc1a03c079e3","Counsel, Post-Production & Studio Operations","Los Angeles, California","SOAP, The Labs, SKM & Physical Production Legal"
"0e11f8f9-5a37-4844-8e9c-f3ecd3aeb119","Legal Associate, Visual Effects","Los Angeles, California","SOAP, The Labs, SKM & Physical Production Legal"
"512967be-2149-46f1-9855-daf88ea81981","Physical Production Legal Associate","Los Angeles, California","SOAP, The Labs, SKM & Physical Production Legal"
"390efdb7-cff2-4a69-935d-6eac6d7cca40","Capacity Planner","Los Gatos, California","Streaming Delivery"
"bdfa8cb3-ae36-4b95-8ae7-b62c7becc89c","Senior CDN Reliability Engineer - Open Connect","Los Gatos, California","Streaming Delivery"
"3fb4a91e-b6a7-443d-928e-dc053c6963ea","Senior Software Engineer - Open Connect","Los Gatos, California","Streaming Delivery"
"28d0ec1b-429c-4c90-80a0-b8b95bf8e473","Technical Infrastructure Delivery - Project Manager","Los Angeles, California","Studio and Corporate Infrastructure"
"9a98dd1e-caca-4929-b91a-594fd6d7c9c5","AV Engineer, Studio - EMEA","London, United Kingdom","Studio Engineering"
"e64c7737-fffd-4746-8b53-9bc876d25f23","Senior Software Engineer - Studio Acquisition Engineering","Los Gatos, California","Studio Engineering"
"595b7c94-8ec3-4af7-9c61-76dab821f340","Senior Software Engineer - Studio Productions Engineering","Los Gatos, California","Studio Engineering"
"25e686f0-b060-4ec8-bfc6-741e212551ec","Technical Solutions Developer, Digital Content Production","Los Angeles, California","Studio Engineering"
"f9e6dbf5-ecbf-4540-b75e-75d47d989061","Associate, Production Finance - Animation","Los Angeles, California","Studio Finance"
"01ba45b7-053c-4adf-b48e-d73bbff2dacf","Associate, Production Finance - Mexico","Mexico City, Mexico","Studio Finance"
"407ac866-b03d-4146-8427-644eafa1c130","Associate, Production Finance - Nonfiction (EMEA)","Amsterdam, Netherlands","Studio Finance"
"2e75f6fc-95b9-4bae-8702-3e6cc0469bce","Associate, Production Finance - Post (Features)","Los Angeles, California","Studio Finance"
"537037e5-7a30-4b8e-9545-279345612144","Coordinator, Production Finance (JET) - Contract","Seoul, South Korea","Studio Finance"
"ee8e2b2d-715a-4a36-87d8-5dc01e4dc227","Coordinator, Production Finance (JET) - Contract","Tokyo, Japan","Studio Finance"
"4f12e28c-464e-4f61-8108-5b30a65234b4","Coordinator, Production Finance, Anime","Tokyo, Japan","Studio Finance"
"58ae47ec-9909-456f-959b-9be53e7e0cd4","Manager, Production Finance -  Animation Systems & Workflow Innovation","Los Angeles, California","Studio Finance"
"31230a55-c104-4525-a6b3-01875db17c43","Manager, Production Finance - Animated Series","Los Angeles, California","Studio Finance"
"7a584b8a-60d8-4646-928b-c766ebf9d1aa","Manager, Production Finance - International Originals Italy","Amsterdam, Netherlands","Studio Finance"
"67403f8c-694b-4c2c-a004-8ce4b53bdc2b","Manager, Production Finance - Nonfiction (UK)","London, United Kingdom","Studio Finance"
"13b8ecb9-dfd1-4b48-b5fd-9510afcdb978","Manager, Production Finance - Spain","Madrid, Spain","Studio Finance"
"b1e96a72-6057-42bd-b1e5-3ee1ec79e907","Manager, Production Finance (Mexico)","Mexico City, Mexico","Studio Finance"
"1fd259f7-6e18-4113-893f-cf1f84bf59f3","Manager, Production Finance, Anime","Tokyo, Japan","Studio Finance"
"15eb8cec-b822-4f1e-86bb-5d4f5ebd9b1d","Production Accountant - Animation","Los Angeles, California","Studio Finance"
"6a848f50-2776-4cc7-b9eb-d27a8e25ced7","Production Finance, Coordinator - EMEA","Amsterdam, Netherlands","Studio Finance"
"0a495202-a5f5-4137-9bc7-0b62ab371abe","Coordinator, Studio Operations","Los Angeles, California","Studio Management"
"09074a35-d510-4ca8-bd04-527c8b7969f5","Production Planning Specialist - EMEA","London, United Kingdom","Studio Management"
"2eec5891-7359-4fe2-bf75-37237cc4ba3c","Workplace Experience Coordinator, Animation","Los Angeles, California","Studio Management"
"0787ea8e-465c-4dc0-a02b-d64ef9dc55bc","Manager, Studio Data Operations","Los Angeles, California","Studio Product Management"
"c8613d4c-68bc-4563-b09c-41fe21d9e836","Director, Studio Safety","Los Angeles, California","Studio Safety & Security"
"1bde9435-0e6f-4a7f-b884-0aef3ce7cbb4","Production Safety Coordinator","Los Angeles, California","Studio Safety & Security"
"e7b0a272-45d7-4782-bed4-1a9758c41b81","Production Safety Manager","Los Angeles, California","Studio Safety & Security"
"4e1c2871-9e54-4369-996e-c6d1a700b8bb","Production Safety Manager - India","Mumbai, India","Studio Safety & Security"
"0e3b5cc7-df8c-44dd-a84b-408977e26e72","Tech Ops Site Support - EMEA (Shepperton Studios)","London, United Kingdom","Studio Technology"
"afd0122f-2437-4803-9d0c-4ce8f1bfc1b6","Senior JavaScript Engineer - Studio UI","Los Angeles, California","Studio UI Engineering"
"3d491429-9864-4d9d-ae43-91ee85795600","Senior JavaScript UI Engineer","Los Gatos, California","Studio UI Engineering"
"0a227b70-1640-4da1-9f87-321cf164eeab","Recruiting Outreach and Engagement Coordinator, Product","Los Gatos, California","Talent Acquisition"
"41851ef0-94d8-4874-b20e-45d98de74b4f","Technical Recruiting Researcher - Core Engineering","Los Gatos, California","Talent Acquisition"
"3d462fd4-dfac-4607-bf58-5642072f3ca7","Administrative Assistant - Tax","Alphaville, Brazil","Tax"
"8734488c-eef8-44e4-9cda-07895b5180e5","Mobility and Employment Tax Manager","Los Angeles, California","Tax"
"c9c141e1-878d-4bec-953b-15d77f6115a1","Tax Analyst","Alphaville, Brazil","Tax"
"284b9263-1c13-4cc2-9e33-e0b52fa99fac","Tech Ops Specialist, LATAM (Brazil)","Alphaville, Brazil","Technology Operations"
"333bfa69-b48f-443f-91b8-c996c739ddb3","Tech Ops Support, Animation, Studio Technology","Los Angeles, California","Technology Operations"
"ad27a00d-1fab-4ad0-a3ad-c801b17b4b80","APAC Senior Software Engineer - Full Stack Messaging","Los Gatos, California","User Interface Engineering"
"70f93cf9-2515-4432-84b1-54b573bf5376","Senior Android Engineer - Growth & Acquisition","Los Gatos, California","User Interface Engineering"
"7ef4ddb9-14e5-4d6d-97d3-0f9219397e9c","Senior iOS Product Engineer","Los Gatos, California","User Interface Engineering"
"c3605ec2-2f51-4787-85f0-3d32d93702eb","Senior Software Engineer - Android Tools and Infrastructure","Los Gatos, California","User Interface Engineering"
"f02ed590-523c-4a98-bdb1-8a5a7b8377fa","Senior Software Engineer, Android Product Engineering","Los Gatos, California","User Interface Engineering"
"4fc65fbd-0826-4960-ad90-e340940a6df5","Coordinator, VFX - Features","Los Angeles, California","VFX"
"aba1c8db-22ac-4c8f-8ec9-543b5017fe95","Manager, Pipeline Supervisor","Los Angeles, California","VFX"
"52acee2d-8d49-4285-b5dc-9887417d0414","Manager, VFX - Original Series","Los Angeles, California","VFX"
"5d8f179b-7fc2-4129-8515-bcb8a065f4cd","VFX Manager, International Originals - Latin America","Mexico City, Mexico","VFX"
"f280ed00-d623-41dc-a266-4433677ca7af","Workflow Manager, Visual Effects (NETFX)","Los Angeles, California","VFX"
"25311332-27fb-4ca5-8918-593dc5d865b2","Administrative Assistant - Workplace","Los Angeles, California","Workplace Operations and Real Estate"
"9286e000-a15b-412d-8224-92944167ab2d","Bilingual Receptionist","Alphaville, Brazil","Workplace Operations and Real Estate"
"b3da6e41-c6ac-4bee-84aa-bc8bd31d3fa2","Director, Americas Workplace Operations","Los Angeles, California","Workplace Operations and Real Estate"
"1cec7cc7-82c7-4cbf-8274-5f0267f59334","Director, Real Estate Portfolio & Analysis","Los Angeles, California","Workplace Operations and Real Estate"
"dbc95b20-0d07-48c2-96d4-d2f5bbb68ef7","Manager, Transaction Management","Los Angeles, California","Workplace Operations and Real Estate"
"d9e41c03-9613-469e-8d2f-2918910d2658","Space Planner - APAC","Singapore, Singapore","Workplace Operations and Real Estate"
"bae95c72-c9e7-4d44-942a-4dd4186d97ac","Space Planning Manager","Los Gatos, California","Workplace Operations and Real Estate"
"5e9e36f5-71cb-4eb0-9e56-2090124c738e","Workplace Coordinator","Alphaville, Brazil","Workplace Operations and Real Estate"
"dbacee80-31e5-45a5-a9dd-a4ee76c6e592","Workplace Experience Coordinator","Los Angeles, California","Workplace Operations and Real Estate"
"61d89772-33ce-45e8-8d4e-fdbe00ae3b7a","Workplace Operations Coordinator","Mexico City, Mexico","Workplace Operations and Real Estate"
"b76724e1-a26e-465a-a5a4-65c58d6e0e25","Workplace Shipping & Receiving Specialist - Amsterdam","Amsterdam, Netherlands","Workplace Operations and Real Estate"
